[
  {
    "_id": "674b1f5e57f1a91552134e2a",
    "key": "8uvkS6IrVkD0lDB4SmHyplDVKlv",
    "userId": "673d03834fc444894ad9f89a",
    "expireOn": "2024-11-30T14:21:54.766Z",
    "isValid": true,
    "createdAt": "2024-11-30T14:21:18.314Z",
    "updatedAt": "2024-11-30T14:21:54.767Z",
    "__v": 0
  },
  {
    "_id": "674b1f8f57f1a91552134e2e",
    "key": "g21inIkTlQ9CmV3sBpktdPtTqBv",
    "userId": "673d03834fc444894ad9f89a",
    "expireOn": "2024-11-30T14:23:34.702Z",
    "isValid": true,
    "createdAt": "2024-11-30T14:22:07.340Z",
    "updatedAt": "2024-11-30T14:23:34.703Z",
    "__v": 0
  },
  {
    "_id": "674b2006e7a1fbef35faa4c4",
    "key": "7k8xhXYzrjkDUbUDFdGjTKrkP8o",
    "userId": "673d03834fc444894ad9f89a",
    "expireOn": "2024-11-30T14:24:15.988Z",
    "isValid": false,
    "createdAt": "2024-11-30T14:24:06.839Z",
    "updatedAt": "2024-11-30T14:24:15.988Z",
    "__v": 0
  },
  {
    "_id": "674b201ae7a1fbef35faa4c8",
    "key": "FxY0EX9CcPRe5wqN58hqHUP8keG",
    "userId": "673d03834fc444894ad9f89a",
    "expireOn": "2025-02-28T14:24:01.031Z",
    "isValid": true,
    "createdAt": "2024-11-30T14:24:26.130Z",
    "updatedAt": "2024-11-30T14:24:26.130Z",
    "__v": 0
  },
  {
    "_id": "674d9e4eab1216c6fadf57f2",
    "key": "HH6FcWbp19YN73XiUgAPI2hFpRd",
    "userId": "674d9e22ab1216c6fadf57e4",
    "expireOn": "2025-03-02T11:46:41.516Z",
    "isValid": true,
    "createdAt": "2024-12-02T11:47:26.837Z",
    "updatedAt": "2024-12-02T11:47:26.837Z",
    "__v": 0
  },
  {
    "_id": "674d9edf2275b04c7268d5c1",
    "key": "7WP7lrHhHcAKyfEFXbayF0DRdDw",
    "userId": "674d9ed82275b04c7268d5b3",
    "expireOn": "2024-12-02T14:46:59.759Z",
    "isValid": false,
    "createdAt": "2024-12-02T11:49:51.767Z",
    "updatedAt": "2024-12-02T14:46:59.760Z",
    "__v": 0
  },
  {
    "_id": "674dc87af7cfc8ba69a7c359",
    "key": "49G9xg41wZYLmhinNDq7O79CSbf",
    "userId": "674d9ed82275b04c7268d5b3",
    "expireOn": "2024-12-02T17:58:04.061Z",
    "isValid": false,
    "createdAt": "2024-12-02T14:47:22.409Z",
    "updatedAt": "2024-12-02T17:58:04.062Z",
    "__v": 0
  },
  {
    "_id": "674df530ffcbf86e8c87d1a1",
    "key": "QMyVh9gM4Bhx2ny1hI98vvMhcAl",
    "userId": "674d9ed82275b04c7268d5b6",
    "expireOn": "2024-12-02T18:53:05.309Z",
    "isValid": false,
    "createdAt": "2024-12-02T17:58:08.126Z",
    "updatedAt": "2024-12-02T18:53:05.310Z",
    "__v": 0
  },
  {
    "_id": "674e0213ffcbf86e8c87d1eb",
    "key": "Tvw5Qn31JNI3TWWEFTmJ0dDErAZ",
    "userId": "674d9ed82275b04c7268d5b6",
    "expireOn": "2024-12-02T18:53:11.147Z",
    "isValid": false,
    "createdAt": "2024-12-02T18:53:07.105Z",
    "updatedAt": "2024-12-02T18:53:11.147Z",
    "__v": 0
  },
  {
    "_id": "674e021dffcbf86e8c87d1f1",
    "key": "Kx9lOAmZfKIOYPMMXuhScrijAZ5",
    "userId": "674d9ed82275b04c7268d5b3",
    "expireOn": "2025-03-02T17:53:15.874Z",
    "isValid": true,
    "createdAt": "2024-12-02T18:53:17.167Z",
    "updatedAt": "2024-12-02T18:53:17.167Z",
    "__v": 0
  },
  {
    "_id": "67514e21eacda8774c32f627",
    "key": "26JJqC2RonvGAyXYVoTAHx9Ruz9",
    "userId": "674d9ed82275b04c7268d5b3",
    "expireOn": "2025-03-05T06:53:39.989Z",
    "isValid": true,
    "createdAt": "2024-12-05T06:54:25.420Z",
    "updatedAt": "2024-12-05T06:54:25.420Z",
    "__v": 0
  },
  {
    "_id": "67516acf9065ed272339723f",
    "key": "wqbv2nG0oQUuRonlgem9mTb52aA",
    "userId": "67516ab09065ed2723397230",
    "expireOn": "2025-03-05T08:51:39.547Z",
    "isValid": true,
    "createdAt": "2024-12-05T08:56:47.051Z",
    "updatedAt": "2024-12-05T08:56:47.051Z",
    "__v": 0
  },
  {
    "_id": "67516b619065ed2723397242",
    "key": "M6dx4piodll4vqfmpkeyBwA19By",
    "userId": "67516ab09065ed2723397230",
    "expireOn": "2025-03-05T08:51:39.547Z",
    "isValid": true,
    "createdAt": "2024-12-05T08:59:13.304Z",
    "updatedAt": "2024-12-05T08:59:13.304Z",
    "__v": 0
  },
  {
    "_id": "67516ed9b22b078fa3989766",
    "key": "UPO87PL6kNBPNTP5DewpdFFbBnZ",
    "userId": "67516df3b22b078fa398973a",
    "expireOn": "2024-12-05T09:23:11.896Z",
    "isValid": false,
    "createdAt": "2024-12-05T09:14:01.371Z",
    "updatedAt": "2024-12-05T09:23:11.896Z",
    "__v": 0
  },
  {
    "_id": "67517109b22b078fa39897de",
    "key": "a2THb4H1HL8QiVTdO5mlLuWNWiQ",
    "userId": "67516f7ab22b078fa398978e",
    "expireOn": "2024-12-05T09:40:46.168Z",
    "isValid": false,
    "createdAt": "2024-12-05T09:23:21.111Z",
    "updatedAt": "2024-12-05T09:40:46.168Z",
    "__v": 0
  },
  {
    "_id": "67517523b22b078fa3989865",
    "key": "6Zo8WYXkNsDVZ4Zv2lGWQuGggiC",
    "userId": "675171bbb22b078fa398980e",
    "expireOn": "2024-12-05T09:41:11.132Z",
    "isValid": false,
    "createdAt": "2024-12-05T09:40:51.559Z",
    "updatedAt": "2024-12-05T09:41:11.132Z",
    "__v": 0
  },
  {
    "_id": "6751753db22b078fa398987b",
    "key": "UdlAeD8Uw1VJV9y4JZxEGynZt5w",
    "userId": "67516df3b22b078fa398973a",
    "expireOn": "2025-03-05T09:07:33.093Z",
    "isValid": true,
    "createdAt": "2024-12-05T09:41:17.748Z",
    "updatedAt": "2024-12-05T09:41:17.748Z",
    "__v": 0
  }
]